{
    "name": "npc_combat_automation",
    "title": "NPC Combat Automation for Pathfinder 2e",
    "description": "Automates NPC and creature actions during combat in Pathfinder 2e.",
    "version": "0.1.0",
    "authors": [
        {
            "name": "Custom Module Creator",
            "email": "example@example.com"
        }
    ],
    "compatibility": {
        "minimum": "11",
        "verified": "11.308"
    },
    "esmodules": [
        "scripts/main.js"
    ],
    "languages": [
        {
            "lang": "en",
            "name": "English",
            "path": "lang/en.json"
        }
    ],
    "url": "https://github.com/example/npc_combat_automation",
    "manifest": "https://github.com/example/npc_combat_automation/module.json",
    "download": "https://github.com/example/npc_combat_automation/archive/main.zip"
}